California-cdc_bg7_cases,1634180.511930525
California-cdc_bg7_mortality,356.05891674711995
California-cdc_bg14_cases,1634180.745241186
California-cdc_bg14_mortality,356.0589407376249
California-jh_bg7_cases,1822159.4488788708
California-jh_bg7_mortality,368.40032736979936
California-jh_bg14_cases,1822159.4933137496
California-jh_bg14_mortality,368.4003318989068
