Illinois-cdc_bg7_cases,651076.6296772043
Illinois-cdc_bg7_mortality,174.00712528240098
Illinois-cdc_bg14_cases,651076.6481845783
Illinois-cdc_bg14_mortality,174.00712711004337
Illinois-jh_bg7_cases,651670.8667824465
Illinois-jh_bg7_mortality,189.92370437112768
Illinois-jh_bg14_cases,651670.8852715918
Illinois-jh_bg14_mortality,189.92370619508313
