Louisiana-cdc_bg7_cases,204268.69599397454
Louisiana-cdc_bg7_mortality,22.698517987378796
Louisiana-cdc_bg14_cases,204196.6147307797
Louisiana-cdc_bg14_mortality,79.65404473861405
Louisiana-jh_bg7_cases,205379.01364069566
Louisiana-jh_bg7_mortality,23.30169966032696
Louisiana-jh_bg14_cases,205307.91504497116
Louisiana-jh_bg14_mortality,79.64949366191455
