Minnesota-cdc_bg7_cases,287318.0913036708
Minnesota-cdc_bg7_mortality,98.94851569895843
Minnesota-cdc_bg14_cases,287318.0980623238
Minnesota-cdc_bg14_mortality,98.94851636759373
Minnesota-jh_bg7_cases,287381.8502783717
Minnesota-jh_bg7_mortality,99.52189166695716
Minnesota-jh_bg14_cases,287381.8569411285
Minnesota-jh_bg14_mortality,99.52189232641204
