New Jersey-cdc_bg7_cases,476107.2987116486
New Jersey-cdc_bg7_mortality,147.48601563660847
New Jersey-cdc_bg14_cases,476107.337273574
New Jersey-cdc_bg14_mortality,147.48601980908836
New Jersey-jh_bg7_cases,476107.298869799
New Jersey-jh_bg7_mortality,147.48601565349293
New Jersey-jh_bg14_cases,476107.35014398146
New Jersey-jh_bg14_mortality,147.486021010313
