New Mexico-cdc_bg7_cases,97880.71269688295
New Mexico-cdc_bg7_mortality,19.333255470304767
New Mexico-cdc_bg14_cases,97874.41868927164
New Mexico-cdc_bg14_mortality,24.204785512931394
New Mexico-jh_bg7_cases,97988.4749351132
New Mexico-jh_bg7_mortality,7.88827679512609
New Mexico-jh_bg14_cases,97988.48253989982
New Mexico-jh_bg14_mortality,7.8882774202593815
