Oklahoma-cdc_bg7_cases,204548.0577779286
Oklahoma-cdc_bg7_mortality,43.053441703466305
Oklahoma-cdc_bg14_cases,204534.08294237903
Oklahoma-cdc_bg14_mortality,54.457817595387795
Oklahoma-jh_bg7_cases,205678.39856554588
Oklahoma-jh_bg7_mortality,51.58705272322097
Oklahoma-jh_bg14_cases,205663.8436059712
Oklahoma-jh_bg14_mortality,63.11031995279447
