Tennessee-cdc_bg7_cases,387190.3394095388
Tennessee-cdc_bg7_mortality,89.09970470458063
Tennessee-cdc_bg14_cases,387145.62276483467
Tennessee-cdc_bg14_mortality,126.28508253778432
Tennessee-jh_bg7_cases,389360.55540192383
Tennessee-jh_bg7_mortality,135.51609450883169
Tennessee-jh_bg14_cases,389353.1747733749
Tennessee-jh_bg14_mortality,141.84306520894663
