Virginia-cdc_bg7_cases,336224.8304481533
Virginia-cdc_bg7_mortality,87.16416483802256
Virginia-cdc_bg14_cases,336224.8374080171
Virginia-cdc_bg14_mortality,87.16416547009823
Virginia-jh_bg7_cases,337030.9904023003
Virginia-jh_bg7_mortality,91.13373943292085
Virginia-jh_bg14_cases,337030.99487751065
Virginia-jh_bg14_mortality,91.13373980112915
