Washington-cdc_bg7_cases,225283.48807958578
Washington-cdc_bg7_mortality,15.621263806996344
Washington-cdc_bg14_cases,225283.49004229082
Washington-cdc_bg14_mortality,15.621263727717333
Washington-jh_bg7_cases,225833.57800340067
Washington-jh_bg7_mortality,15.400408739096425
Washington-jh_bg14_cases,225833.57993301147
Washington-jh_bg14_mortality,15.40040867185292
