Wisconsin-cdc_bg7_cases,315881.2646775361
Wisconsin-cdc_bg7_mortality,87.35932161640415
Wisconsin-cdc_bg14_cases,315913.41269712045
Wisconsin-cdc_bg14_mortality,61.77638782196048
Wisconsin-jh_bg7_cases,316037.73084649566
Wisconsin-jh_bg7_mortality,110.52868212807132
Wisconsin-jh_bg14_cases,316076.748991217
Wisconsin-jh_bg14_mortality,78.6633021714528
